id;role;client;practice;job;name;birthdate;username;mail;address
0;EM;Brown-Lindsey;C&CA;Production assistant, television;Jennifer Chavez;1944-11-01;wendy61;jamesmccall@hotmail.com;"114 Bryan Throughway Suite 189
South Andreamouth, NC 14309"
1;EM;Davidson Inc;DCX;Brewing technologist;Kenneth Goodwin;1973-12-31;adam32;amysantiago@hotmail.com;"12111 Harris Shoals
Chadburgh, NE 62238"
2;EM;Williams, Lopez and Brown;I&S;Chartered certified accountant;Andrew Patterson;1958-09-11;mward;weaverlaura@gmail.com;"73286 Becker Courts Suite 329
New Rachelside, NV 29861"
3;EM;Jenkins-Hall;Data Engineer;Film/video editor;Patrick Jenkins DDS;1912-09-30;eric66;jonathan41@hotmail.com;"331 Silva Ways
Lake Meghanshire, MD 15360"
4;EM;Bender, Hamilton and Hendricks;Robotics;Health promotion specialist;Brandi Crawford;1919-06-22;sarahbarnes;wendy20@yahoo.com;"31349 Smith Light
Lindaberg, FL 97316"
5;PM;Brown-Lindsey;DCX;Psychologist, educational;Andrew Pennington;2012-08-11;williamstara;urichards@hotmail.com;"18144 Parsons Hill Apt. 924
East Susan, GU 49776"
6;PM;Brown-Lindsey;DCX;Airline pilot;Daniel Hernandez;2007-10-13;courtneysanders;vwolf@gmail.com;"1299 Jason Corners
Rhondatown, MI 09318"
7;PM;Davidson Inc;Robotics;Print production planner;Sabrina Walker;2011-09-30;james45;emilyclark@hotmail.com;"22853 Anthony Extensions Apt. 334
Lake Amberstad, NV 94731"
8;PM;Davidson Inc;Data Engineer;Editor, commissioning;Alan Haynes;1912-01-01;lee18;fthompson@gmail.com;"PSC 2842, Box 3950
APO AP 90644"
9;PM;Williams, Lopez and Brown;I&S;Chemical engineer;Jamie Meyer;2004-08-04;justin75;williamsonpaul@gmail.com;"06516 Mcneil Vista Suite 606
Cindyville, LA 58514"
10;PM;Williams, Lopez and Brown;C&CA;Water quality scientist;Christopher Villanueva;1972-09-16;delgadoleonard;michaelcoleman@yahoo.com;"2188 Chelsey Underpass Suite 990
East Nicholaston, IL 83372"
11;PM;Jenkins-Hall;C&CA;Clinical research associate;Jacob Armstrong;1940-05-01;zacharygraves;john12@gmail.com;"6669 Jackson Field
New Eric, MP 15161"
12;PM;Jenkins-Hall;I&S;Publishing copy;Jacob Nelson;1926-08-25;earlvazquez;tjones@gmail.com;"26725 Simmons Causeway Apt. 332
Lake Scott, MS 87299"
13;PM;Bender, Hamilton and Hendricks;Data Engineer;Medical illustrator;Ruben Lopez;1944-04-09;davidburnett;amyblack@gmail.com;"741 Dougherty Land Suite 324
East Brian, VI 95276"
14;PM;Bender, Hamilton and Hendricks;Robotics;Financial risk analyst;Joshua Powell;1945-09-29;james25;newtonchad@yahoo.com;"9410 Blair Terrace
New Elizabeth, LA 11296"
15;Senior Consultant;Brown-Lindsey;Data Engineer;Scientist, marine;Todd Golden;1929-12-13;kevin05;powerscarla@gmail.com;"83357 Robin Well Apt. 190
East Christopherborough, WY 04359"
16;Senior Consultant;Bender, Hamilton and Hendricks;C&CA;Chief Operating Officer;Melissa Johnson;1978-04-21;normanconner;ivanjones@yahoo.com;"4159 Kevin Motorway Suite 044
New Rebeccaport, MD 91254"
17;Senior Consultant;Jenkins-Hall;DCX;Engineering geologist;Tony Solis;1962-08-05;washingtonmichael;vhart@hotmail.com;"60748 Jesse Bypass
Rachelstad, NH 33754"
18;Senior Consultant;Davidson Inc;C&CA;Facilities manager;Roberto Fields;2019-03-15;brianneal;natasha40@yahoo.com;"696 Cody Views
Murrayborough, CO 27649"
19;Senior Consultant;Brown-Lindsey;C&CA;Trade union research officer;Douglas Jackson;2010-02-25;lisa74;ashley19@yahoo.com;"791 Joanna Prairie Suite 491
South Markhaven, MD 53757"
20;Senior Consultant;Bender, Hamilton and Hendricks;I&S;Clinical scientist, histocompatibility and immunogenetics;Lisa Keller;1955-09-25;crossrobert;iwhitney@hotmail.com;"11718 Russell Roads
Wendyview, GU 57791"
21;Senior Consultant;Williams, Lopez and Brown;I&S;Translator;Justin Davis;1958-10-07;ian05;stephensonmartin@gmail.com;"24412 Ronald Shore
New Christianville, FM 66974"
22;Senior Consultant;Jenkins-Hall;Robotics;Ophthalmologist;Cassandra Miller;1926-01-12;julia64;jessica85@yahoo.com;"6853 Barry Lodge
Jenniferview, CA 32719"
23;Senior Consultant;Brown-Lindsey;Robotics;Hotel manager;Calvin Strickland;1918-11-27;ymiles;moorelisa@yahoo.com;"780 Tiffany Ports Suite 019
Howardshire, WA 81107"
24;Senior Consultant;Davidson Inc;Robotics;Futures trader;Jonathan Turner;1984-03-24;wesley15;mcdonaldtodd@yahoo.com;"USS Hale
FPO AE 97979"
25;Senior Consultant;Jenkins-Hall;I&S;Medical physicist;Brittany Johnston;1935-08-06;kristine30;cunninghamleah@yahoo.com;"5132 Adams Streets
Lake Brandyhaven, GA 77573"
26;Senior Consultant;Williams, Lopez and Brown;DCX;Newspaper journalist;Gregory Anderson;1972-09-24;marcus46;ucampbell@gmail.com;"048 Campbell Flats
Timothyshire, DC 87804"
27;Senior Consultant;Davidson Inc;C&CA;Further education lecturer;Alyssa Powell;1971-05-14;duranryan;raymond05@hotmail.com;"5335 Arnold Loop Apt. 254
North Amberchester, WV 92247"
28;Consultant;Jenkins-Hall;C&CA;Careers information officer;Jaime Roberts;2012-11-06;tyler75;uruiz@yahoo.com;"2109 James Keys
Baileyfort, AR 81745"
29;Consultant;Jenkins-Hall;I&S;Tour manager;Mary Reid;1984-01-07;espinozakarl;hreed@hotmail.com;"8312 Brenda Village
Abigailfurt, NJ 80446"
30;Consultant;Bender, Hamilton and Hendricks;DCX;Radio broadcast assistant;Brett Lawrence;1979-12-12;adriennesmith;angela98@yahoo.com;"0965 Shane Mills
Lake Alexander, DE 24966"
31;Consultant;Davidson Inc;DCX;Proofreader;Rebecca Hicks;1997-11-21;knappmanuel;bprice@hotmail.com;"1211 Mahoney Mission Suite 195
West Samantha, FL 47130"
32;Consultant;Jenkins-Hall;Data Engineer;Administrator, arts;Lydia Clark;2005-09-04;shunt;melissabaker@hotmail.com;"63979 Emma Land Apt. 591
Richview, SD 46278"
33;Consultant;Davidson Inc;C&CA;Music tutor;Paul Rice;2020-11-18;jenkinselizabeth;russelljohn@gmail.com;"9575 Sherry Pike
Bettychester, TN 02387"
34;Consultant;Williams, Lopez and Brown;Robotics;Immunologist;Brian Sanders;1978-03-15;danielhayes;stephanie86@gmail.com;"686 Amanda Cliff Suite 856
East Robert, PA 56753"
35;Consultant;Bender, Hamilton and Hendricks;I&S;Engineer, maintenance (IT);Ruth Massey;1913-10-09;djones;barbaracox@hotmail.com;"5446 Michelle Overpass Suite 471
West Elizabethport, KY 82527"
36;Consultant;Bender, Hamilton and Hendricks;C&CA;Designer, multimedia;Sean Fisher;1950-09-01;larry63;kcolon@hotmail.com;"19342 Evans Roads Suite 128
Lake Michael, KS 43778"
37;Consultant;Bender, Hamilton and Hendricks;Data Engineer;Electrical engineer;Jordan Campbell;1988-04-09;carlshaw;erica44@yahoo.com;"1953 Frye Parkways Suite 915
West Ryan, NY 23465"
38;Consultant;Davidson Inc;I&S;Catering manager;Anne Trujillo;1921-04-07;zdavis;brett17@yahoo.com;"57623 Allen Lakes
South Saraton, NY 95716"
39;Consultant;Davidson Inc;Robotics;Occupational psychologist;Tracy Hernandez;1970-04-02;fross;keith48@yahoo.com;"Unit 9461 Box 3821
DPO AA 83660"
40;Consultant;Jenkins-Hall;C&CA;Midwife;Russell Roberson;1915-07-31;cassandra02;masongarcia@gmail.com;"318 Pierce Crest
Garciabury, PA 54323"
41;Consultant;Brown-Lindsey;I&S;Scientist, research (medical);Jamie Thornton;1913-10-25;hhill;carlsonrobert@hotmail.com;"5639 Smith Crossroad Suite 353
Gonzalezport, MA 59524"
42;Consultant;Davidson Inc;C&CA;Legal executive;Michael Parker;1913-02-09;salasbrittany;rosscunningham@gmail.com;"817 Wolfe Coves Apt. 218
New John, OK 51255"
43;Consultant;Williams, Lopez and Brown;I&S;Animal nutritionist;Melanie Thompson;1961-08-25;isaiahtaylor;jenkinselizabeth@hotmail.com;"2722 Bell Ford
Lake Loretta, GA 29208"
44;Consultant;Brown-Lindsey;DCX;Accountant, chartered management;Daniel Mckee;1982-03-24;rosepaul;zmolina@hotmail.com;"692 Thompson Summit Suite 090
Stevensonstad, NJ 52322"
45;Consultant;Jenkins-Hall;Robotics;Stage manager;Lisa Webster;1962-10-23;karen30;rpatterson@hotmail.com;"230 Kevin Extensions
Port Brookefort, HI 47339"
46;Consultant;Bender, Hamilton and Hendricks;DCX;Horticultural consultant;Rebecca Austin;2011-04-04;stanleymarcus;savannah15@yahoo.com;"497 Robert Green
West Henryfurt, WA 59549"
47;Consultant;Brown-Lindsey;Robotics;Psychotherapist, child;Jeffrey Ward;1998-01-04;crystal65;carsonjames@yahoo.com;"102 Matthews Passage
Castillomouth, GA 04384"
48;Analyst Consultant;Brown-Lindsey;Data Engineer;Accountant, chartered;Tammie Harris;1909-10-14;madeline30;heidi07@gmail.com;"3870 Riggs Bridge
Lake Brian, MI 23590"
49;Analyst Consultant;Davidson Inc;C&CA;Solicitor;James Jenkins;1986-03-19;hhill;frederickcarmen@yahoo.com;"USNV Walker
FPO AE 41558"
50;Analyst Consultant;Brown-Lindsey;C&CA;Jewellery designer;Jody Perry;1942-03-28;rebeccahamilton;kristenhoward@gmail.com;"251 Davis Shoal Apt. 073
New John, IL 91180"
51;Analyst Consultant;Bender, Hamilton and Hendricks;I&S;Tax inspector;Caleb Love;1999-10-17;rileyashley;tsmith@yahoo.com;"191 Maxwell Unions
Johnsonton, MT 85326"
52;Analyst Consultant;Williams, Lopez and Brown;Robotics;Teacher, English as a foreign language;Daniel Smith;1940-12-12;victor82;crystal47@yahoo.com;"5756 Bird Expressway
South Sally, HI 97486"
53;Analyst Consultant;Bender, Hamilton and Hendricks;DCX;Analytical chemist;Sandra Rice;1920-01-11;mary03;vflores@yahoo.com;"349 Benjamin Keys Apt. 556
Lake Daniel, ME 04659"
54;Analyst Consultant;Williams, Lopez and Brown;Robotics;Architect;Thomas Andrews;1909-08-18;dana94;fglass@gmail.com;"7951 Johnson Forge Apt. 992
Brownshire, DE 38932"
55;Analyst Consultant;Davidson Inc;Data Engineer;Civil Service administrator;Victor Kirk;1972-09-01;cynthia82;jacqueline35@hotmail.com;"3214 Mason Roads
Valerieside, IN 37457"
56;Analyst Consultant;Davidson Inc;Data Engineer;IT technical support officer;Rachel Gray;2015-01-09;cynthiagardner;ugarrett@hotmail.com;"275 Jimmy Motorway
Lake Madeline, MD 57519"
57;Analyst Consultant;Jenkins-Hall;Data Engineer;Sound technician, broadcasting/film/video;Sarah Cisneros;1960-11-02;rhonda83;riverajason@hotmail.com;"61838 Michelle Field Apt. 288
Barkerton, RI 31592"
58;Analyst Consultant;Davidson Inc;C&CA;Fine artist;Michael Gaines;1920-02-18;ipayne;ronaldadkins@yahoo.com;"Unit 0200 Box 3962
DPO AA 92989"
59;Analyst Consultant;Williams, Lopez and Brown;DCX;Dealer;Gregory Jensen;1961-12-11;hswanson;michaelroberts@hotmail.com;"828 Ryan Stream
Sarahland, AK 78615"
60;Analyst Consultant;Jenkins-Hall;DCX;Occupational hygienist;Miss Isabella Padilla;1919-07-03;andrea99;rbautista@hotmail.com;"567 Jordan Orchard
Kruegerchester, VT 69161"
61;Analyst Consultant;Bender, Hamilton and Hendricks;Data Engineer;Learning mentor;Justin Hanna;1998-07-09;mlambert;samuel75@hotmail.com;"Unit 2638 Box 2395
DPO AE 56718"
62;Analyst Consultant;Bender, Hamilton and Hendricks;DCX;Ranger/warden;Kimberly Jimenez;1931-03-18;matthewskayla;brianrodgers@gmail.com;"8065 Jason Views Apt. 691
North Bridgetfort, KY 76514"
63;Analyst Consultant;Davidson Inc;I&S;Surveyor, commercial/residential;Elizabeth Lopez;1981-07-05;fbradley;tramirez@gmail.com;"7533 Nash Flats
Port John, ME 54141"
64;Analyst Consultant;Williams, Lopez and Brown;DCX;Intelligence analyst;Victor Giles;1914-03-23;kristenschmidt;maria41@gmail.com;"49584 Woods Pines Suite 856
Wagnerstad, CO 36955"
65;Analyst Consultant;Brown-Lindsey;Data Engineer;Wellsite geologist;Angela Hill;1963-06-30;brianrussell;newmankayla@hotmail.com;"0995 Anita Place
Russellmouth, KS 40910"
66;Analyst Consultant;Bender, Hamilton and Hendricks;C&CA;Restaurant manager;Eric Gould;1955-09-07;david97;sandra36@yahoo.com;"09635 Richard Summit Suite 247
West David, MD 23174"
67;Analyst Consultant;Davidson Inc;DCX;Surveyor, commercial/residential;Joe Castro;1979-08-18;dblanchard;stefanie99@hotmail.com;"Unit 7124 Box 0961
DPO AP 70993"
68;Analyst Consultant;Williams, Lopez and Brown;Data Engineer;Aid worker;Paul Welch;1980-04-04;aaron55;jacob14@gmail.com;"931 Simpson Station Apt. 593
South Cheryl, KY 35411"
69;Analyst Consultant;Davidson Inc;C&CA;Acupuncturist;Brendan Watkins;1968-07-05;powellzachary;seanjohnson@gmail.com;"65661 Adrian Gateway Suite 219
Simpsonstad, FM 56400"
70;Analyst Consultant;Davidson Inc;Robotics;Editor, film/video;Timothy Walker;1974-11-18;krystal38;tking@yahoo.com;"USNS King
FPO AP 21124"
71;Analyst Consultant;Brown-Lindsey;C&CA;Lobbyist;Ashley Shepherd;1919-12-28;pbrown;philipprice@gmail.com;"800 Jeremy Track
Heidiburgh, AS 88444"
72;Internal;Williams, Lopez and Brown;Robotics;Civil Service administrator;Michael Alvarado;1934-10-26;smithmelvin;xflowers@gmail.com;"271 Karen Glens
Porterton, FL 11145"
73;Internal;Bender, Hamilton and Hendricks;Robotics;Interior and spatial designer;James Kelly;1948-03-20;huanglisa;fwerner@yahoo.com;"8333 Emily Ridges Apt. 173
New Chris, IL 07129"
74;Internal;Brown-Lindsey;C&CA;Energy engineer;Amanda Sanders;1939-03-11;acastillo;rnichols@yahoo.com;"Unit 5972 Box 6823
DPO AA 08783"
75;Internal;Brown-Lindsey;I&S;Dance movement psychotherapist;Michelle Jordan;1939-09-07;jhernandez;kmccormick@yahoo.com;"9934 Alexander Rest
New Matthewview, HI 24675"
76;Internal;Brown-Lindsey;C&CA;IT technical support officer;Benjamin Navarro;1914-05-25;leevelazquez;qgilmore@hotmail.com;"2863 Christina Haven
New Joshua, VI 19626"
77;Internal;Davidson Inc;DCX;Systems developer;Austin Brown;1965-04-28;udiaz;gregorysmith@yahoo.com;"238 Gordon Throughway Suite 953
West Andreaport, NM 76948"
78;Internal;Davidson Inc;Data Engineer;Therapist, occupational;Danielle Baker;2000-12-27;blackburnrachel;bholmes@yahoo.com;"003 Fry Radial Apt. 592
Leemouth, NJ 34188"
79;Internal;Brown-Lindsey;I&S;Air cabin crew;Joshua Fleming DVM;1988-05-12;cnguyen;vmartinez@gmail.com;"624 Sabrina Camp
New Kerryville, MN 75755"
